"Pin Number","Pin ID","Custom Name","Function","Mode", "Direction","Latch","Pull Up","Pull Down","Drive Strength"
1,PA00,,Available,,,,,,NORMAL
2,PA01,,Available,,,,,,NORMAL
3,PC00,BOT_CONTROLE,GPIO,Digital,In,n/a,Yes,No,NORMAL
4,PC01,COL1,GPIO,Digital,Out,Low,,,NORMAL
5,PC02,COL2,GPIO,Digital,Out,Low,,,NORMAL
6,PC03,COL3,GPIO,Digital,Out,Low,,,NORMAL
7,PA02,,Available,,,,,,NORMAL
8,PA03,,Available,,,,,,NORMAL
9,PB04,,Available,,,,,,NORMAL
10,PB05,,Available,,,,,,NORMAL
13,PB06,,Available,,,,,,NORMAL
14,PB07,GPIO_PB07,GPIO,Digital,Out,Low,,,NORMAL
15,PB08,,Available,,,,,,NORMAL
16,PB09,,Available,,,,,,NORMAL
17,PA04,,Available,,,,,,NORMAL
18,PA05,,Available,,,,,,NORMAL
19,PA06,,Available,,,,,,NORMAL
20,PA07,,Available,,,,,,NORMAL
21,PC05,,Available,,,,,,NORMAL
22,PC06,,Available,,,,,,NORMAL
23,PC07,,Available,,,,,,NORMAL
26,PA08,,Available,,,,,,NORMAL
27,PA09,,Available,,,,,,NORMAL
28,PA10,,Available,,,,,,NORMAL
29,PA11,,Available,,,,,,NORMAL
32,PB10,,Available,,,,,,NORMAL
33,PB11,,Available,,,,,,NORMAL
34,PB12,,Available,,,,,,NORMAL
35,PB13,,Available,,,,,,NORMAL
36,PB14,,GMAC_GMDC,Digital,High Impedance,n/a,No,No,NORMAL
37,PB15,,GMAC_GMDIO,Digital,High Impedance,n/a,No,No,NORMAL
40,PC10,,Available,,,,,,NORMAL
41,PC11,,Available,,,,,,NORMAL
42,PC12,,Available,,,,,,NORMAL
43,PC13,,Available,,,,,,NORMAL
44,PC14,,Available,,,,,,NORMAL
45,PC15,,Available,,,,,,NORMAL
46,PA12,,GMAC_GRX1,Digital,High Impedance,n/a,No,No,NORMAL
47,PA13,,GMAC_GRX0,Digital,High Impedance,n/a,No,No,NORMAL
48,PA14,,GMAC_GTXCK,Digital,High Impedance,n/a,No,No,NORMAL
49,PA15,,GMAC_GRXER,Digital,High Impedance,n/a,No,No,NORMAL
52,PA16,,Available,,,,,,NORMAL
53,PA17,,GMAC_GTXEN,Digital,High Impedance,n/a,No,No,NORMAL
54,PA18,,GMAC_GTX0,Digital,High Impedance,n/a,No,No,NORMAL
55,PA19,,GMAC_GTX1,Digital,High Impedance,n/a,No,No,NORMAL
56,PC16,,Available,,,,,,NORMAL
57,PC17,,Available,,,,,,NORMAL
58,PC18,,Available,,,,,,NORMAL
59,PC19,,Available,,,,,,NORMAL
60,PC20,,GMAC_GRXDV,Digital,High Impedance,n/a,No,No,NORMAL
61,PC21,,Available,,,,,,NORMAL
64,PB16,,Available,,,,,,NORMAL
65,PB17,,Available,,,,,,NORMAL
66,PB18,,Available,,,,,,NORMAL
67,PB19,,Available,,,,,,NORMAL
68,PB20,,Available,,,,,,NORMAL
69,PB21,,Available,,,,,,NORMAL
70,PA20,,Available,,,,,,NORMAL
71,PA21,,Available,,,,,,NORMAL
72,PA22,,Available,,,,,,NORMAL
73,PA23,,Available,,,,,,NORMAL
74,PA24,,Available,,,,,,NORMAL
75,PA25,,Available,,,,,,NORMAL
78,PB22,,Available,,,,,,NORMAL
79,PB23,,Available,,,,,,NORMAL
80,PB24,,Available,,,,,,NORMAL
81,PB25,,Available,,,,,,NORMAL
82,PC24,,Available,,,,,,NORMAL
83,PC25,,Available,,,,,,NORMAL
84,PC26,,Available,,,,,,NORMAL
85,PC27,,SERCOM1_PAD0,Digital,High Impedance,n/a,No,No,NORMAL
86,PC28,,SERCOM1_PAD1,Digital,High Impedance,n/a,No,No,NORMAL
87,PA27,,Available,,,,,,NORMAL
93,PA30,,Available,,,,,,NORMAL
94,PA31,,Available,,,,,,NORMAL
95,PB30,,Available,,,,,,NORMAL
96,PB31,,Available,,,,,,NORMAL
97,PB00,,Available,,,,,,NORMAL
98,PB01,,Available,,,,,,NORMAL
99,PB02,,Available,,,,,,NORMAL
100,PB03,,Available,,,,,,NORMAL
